,Title,Price,Qty_sold,Ranting,Shipping,Store
0,"T-shirt homme femme enfant, Streetwear, décontracté, Harajuku, à la mode, avec Stranger Things 4 imprimé en 3D, le Club de la flamme, 2022",MAD10.38,118 vendu(s),5,+ envoi: MAD 57.71,Carterom Official Store
0,2022 Summer Fashion New Cool T-shirt Men WOMEN 3D Printing Cat Short-sleeved Summer Top T-shirt Female Oversized Print Clothing,MAD30.72,62 vendu(s),3.7,+ envoi: MAD 153.62,YICBE Design Official Store
0,"Top court en tricot côtelé élastique sans manches pour femmes, t-shirt de base solide, gilet sans couture, Streetwear décontracté",MAD0.11,10860 vendu(s),4.9,Livraison gratuite,DSFly Stride Store
0,2/3/4PCS Femmes Sans Couture Yoga Ensemble D'entraînement de Sport Vêtements De Sport Fitness À Manches Longues Taille Haute Leggings Costume De Sport survêtement femme ensemble sport femme ensemble de sport femme,MAD119.89,1642 vendu(s),4.9,+ envoi: MAD 76.19,NcmRyu Store
0,"T-shirt japonais avec dessin animé Naruto Akatsuki pour homme, haut à l'effigie de Sasuke, Itachi, Kakashi",MAD10.38,1027 vendu(s),4.3,+ envoi: MAD 40.07,Bai_BestFashion Store
0,"T-shirt femme Harajuku onze Ullzang, haut court Y2k, avec image à l'envers, Stranger Things saison 3",MAD10.38,1197 vendu(s),4.5,+ envoi: MAD 48.16,zongyi03 Store
0,"Ensemble de Yoga sans couture pour femmes, vêtements d'entraînement, de gymnastique, chemises de Fitness, pantalons de Sport, soutien-gorge, taille haute, Leggings de course, combinaisons de Sport",MAD145.01,51 vendu(s),5,Livraison gratuite,Venp Store
0,"Short Fitness Slim à la Mode de Taille Haute pour Femme Longueur aux Genoux, Noir, Streetwear, Été",MAD34.36,929 vendu(s),4.6,+ envoi: MAD 5.50,F Day Store
0,"Petit Short en Laine pour Femme, Ensemble Deux Pièces Ajusté et en Tissu de Laine Fine Occidentale, Nouvelle Collection Automne et Hiver 2021",MAD674.6,192 vendu(s),4.9,+ envoi: MAD 136.29,My store001 Store
0,2/3/5PC survêtement femme Sans Couture Yoga Ensemble D'entraînement de Sport Vêtements De Sport Cordon Taille Haute Leggings Tenues de Sport,MAD104.22,2426 vendu(s),4.9,+ envoi: MAD 90.82,NcmRyu Store
0,"Ensemble de Yoga pour femmes, survêtement, vêtements féminins Sexy, teinture par nouage, vêtements de sport, taille haute, Leggings athlétiques, soutien-gorge d'entraînement, costumes serrés, nouvelle collection",MAD46.71,221 vendu(s),4.8,+ envoi: MAD 579.72,YJDMW Store
0,"Cardigan à capuche coloré imprimé pour Couples, manteau de requin, Streetwear, décontracté, à la mode, pour femmes, 2022",MAD269.78,83 vendu(s),4,+ envoi: MAD 92.28,BOLISI Global Store
0,2/3/4pcs Sans Couture Yoga Ensemble Femmes Vêtements De Sport Vêtements De Sport Yoga Costumes pour Salle De Sport Ensemble Sous-Vêtements Survêtements Legging Sport Soutien-Gorge,MAD160.3,832 vendu(s),4.8,+ envoi: MAD 105.82,ZPAVYO Sportwear Store
0,"Bas Sexy pour femmes, Lingerie brillante à l'huile, élastique, collant scintillant en Nylon ultra-fin, Clubwear, vêtements brillants pour femmes, 2022",MAD27.51,473 vendu(s),4.7,+ envoi: MAD 29.06,EaseRom Store
0,"Ceinture en cuir pour femmes, fermeture à boucle en alliage, cintrée à la taille, coupe-vent, manteau, vêtements, accessoire, nouvelle collection",MAD186.84,216 vendu(s),4.6,+ envoi: MAD 21.69,xinhuoleather Store
